{"cameraMode":{"drawMode":0,"name":"Shaded","section":"Shading Mode"},"sceneLighting":false,"audioPlay":false,"sceneViewState":{"m_AlwaysRefresh":false,"showFog":true,"showSkybox":false,"showFlares":true,"showImageEffects":true,"showParticleSystems":true,"showVisualEffectGraphs":true,"m_FxEnabled":true},"in2DMode":false,"pivot":{"x":38.926979064941409,"y":27.144014358520509,"z":36.233036041259769},"rotation":{"x":0.09194108843803406,"y":-0.7598516941070557,"z":0.11018141359090805,"w":0.6340605020523071},"size":10.988702774047852,"orthographic":false}