{"cameraMode":{"drawMode":0,"name":"Shaded","section":"Shading Mode"},"sceneLighting":false,"audioPlay":false,"sceneViewState":{"m_AlwaysRefresh":false,"showFog":true,"showSkybox":false,"showFlares":true,"showImageEffects":true,"showParticleSystems":true,"showVisualEffectGraphs":true,"m_FxEnabled":true},"in2DMode":false,"pivot":{"x":74.00552368164063,"y":-3.4423134326934816,"z":-3.540081024169922},"rotation":{"x":0.08576934784650803,"y":-0.29775261878967287,"z":0.026866773143410684,"w":0.9504108428955078},"size":1.8170098066329957,"orthographic":true}